<?xml version="1.0" encoding="UTF-8"?>
<!DOCTYPE mapper PUBLIC "-//mybatis.org//DTD Mapper 3.0//EN" "http://mybatis.org/dtd/mybatis-3-mapper.dtd">
<mapper namespace="com.nd.methodology.stat.modules.approval.mapper">
  <!--<resultMap id="BaseResultMap" type="com.nd.methodology.stat.modules.approval.model.Test">-->
    <!--<id column="id" jdbcType="BIGINT" property="id" />-->
    <!--<result column="name" jdbcType="VARCHAR" property="name" />-->
    <!--<result column="user_id" jdbcType="VARCHAR" property="userId" />-->
    <!--<result column="create_at" jdbcType="TIMESTAMP" property="createAt" />-->
  <!--</resultMap>-->

  <!--<delete id="deleteByIdAndUserId">-->
    <!--delete from tag-->
    <!--where-->
    <!--id = #{id,jdbcType=BIGINT} and-->
    <!--user_id = #{userId,jdbcType=VARCHAR}-->
  <!--</delete>-->


  <!--<insert id="insert" parameterType="nd.sdp.cim.modules.conference.model.Tag"-->
    <!--useGeneratedKeys="true" keyProperty="id" keyColumn="id"-->
  <!--&gt;-->
    <!--insert into tag (id, name, user_id, create_at)-->
    <!--values (#{id,jdbcType=BIGINT}, #{name,jdbcType=VARCHAR},-->
      <!--#{userId,jdbcType=VARCHAR}, #{createAt,jdbcType=TIMESTAMP})-->
  <!--</insert>-->

  <!--<update id="updateByPrimaryKey" parameterType="nd.sdp.cim.modules.conference.model.Tag">-->
    <!--update tag-->
    <!--set name = #{name,jdbcType=VARCHAR},-->
      <!--user_id = #{userId,jdbcType=VARCHAR},-->
      <!--create_at = #{createAt,jdbcType=TIMESTAMP}-->
    <!--where id = #{id,jdbcType=BIGINT}-->
  <!--</update>-->

  <!--<select id="selectByPrimaryKey" parameterType="java.lang.Long" resultMap="BaseResultMap">-->
    <!--select id, name, user_id, create_at-->
    <!--from tag-->
    <!--where id = #{id,jdbcType=BIGINT}-->
  <!--</select>-->

</mapper>