<?xml version="1.0" encoding="UTF-8"?>
<!DOCTYPE configuration PUBLIC "-//mybatis.org//DTD Config 3.0//EN"
        "http://mybatis.org/dtd/mybatis-3-config.dtd">
<configuration>

    <settings>
        <!--&lt;!&ndash; 全局映射器启用缓存 &ndash;&gt;-->
        <!--<setting name="cacheEnabled" value="true"/>-->
        <!--<setting name="lazyLoadingEnabled" value="true"/>-->
        <!--<setting name="aggressiveLazyLoading" value="false"/>-->
        <setting name="logImpl" value="LOG4J"/>
    </settings>

    <plugins>
        <plugin interceptor="com.nd.methodology.stat.internal.mybatis.ExecutorEnhancePlugin"/>
    </plugins>

    <mappers>
    </mappers>

</configuration>
